INSERT INTO cards (id, card_number, balance, card_type) VALUES
(1, 'METRO10000001', 520.00, 'ADULT'),
(2, 'METRO10000002', 340.00, 'STUDENT'),
(3, 'METRO10000003', 880.00, 'ADULT'),
(4, 'METRO10000004', 260.00, 'SENIOR'),
(5, 'METRO10000005', 150.00, 'ADULT');

INSERT INTO stations (id, station_name, line_name) VALUES
(1, '左營', '紅線'),
(2, '巨蛋', '紅線'),
(3, '美麗島', '紅線'),
(4, '三多商圈', '紅線'),
(5, '小港', '紅線'),
(6, '鹽埕埔', '橘線'),
(7, '文化中心', '橘線'),
(8, '大寮', '橘線');

INSERT INTO transactions (id, card_id, station_id, transaction_type, transaction_time, amount) VALUES
(1, 1, 1, 'ENTRY', DATEADD('MINUTE', -600, CURRENT_TIMESTAMP), 0.00),
(2, 1, 3, 'EXIT', DATEADD('MINUTE', -570, CURRENT_TIMESTAMP), 35.00),
(3, 2, 2, 'ENTRY', DATEADD('MINUTE', -540, CURRENT_TIMESTAMP), 0.00),
(4, 2, 4, 'EXIT', DATEADD('MINUTE', -505, CURRENT_TIMESTAMP), 30.00),
(5, 3, 3, 'ENTRY', DATEADD('MINUTE', -480, CURRENT_TIMESTAMP), 0.00),
(6, 3, 5, 'EXIT', DATEADD('MINUTE', -440, CURRENT_TIMESTAMP), 45.00),
(7, 4, 6, 'ENTRY', DATEADD('MINUTE', -420, CURRENT_TIMESTAMP), 0.00),
(8, 4, 7, 'EXIT', DATEADD('MINUTE', -395, CURRENT_TIMESTAMP), 20.00);

INSERT INTO journeys (id, card_id, entry_station_id, exit_station_id, entry_time, exit_time, fare, duration_minutes) VALUES
(1, 1, 1, 3, DATEADD('MINUTE', -600, CURRENT_TIMESTAMP), DATEADD('MINUTE', -570, CURRENT_TIMESTAMP), 35.00, 30),
(2, 2, 2, 4, DATEADD('MINUTE', -540, CURRENT_TIMESTAMP), DATEADD('MINUTE', -505, CURRENT_TIMESTAMP), 30.00, 35),
(3, 3, 3, 5, DATEADD('MINUTE', -480, CURRENT_TIMESTAMP), DATEADD('MINUTE', -440, CURRENT_TIMESTAMP), 45.00, 40),
(4, 4, 6, 7, DATEADD('MINUTE', -420, CURRENT_TIMESTAMP), DATEADD('MINUTE', -395, CURRENT_TIMESTAMP), 20.00, 25),
(5, 1, 1, 3, DATEADD('MINUTE', -360, CURRENT_TIMESTAMP), DATEADD('MINUTE', -330, CURRENT_TIMESTAMP), 35.00, 30),
(6, 5, 3, 5, DATEADD('MINUTE', -320, CURRENT_TIMESTAMP), DATEADD('MINUTE', -280, CURRENT_TIMESTAMP), 45.00, 40),
(7, 2, 3, 5, DATEADD('MINUTE', -260, CURRENT_TIMESTAMP), DATEADD('MINUTE', -220, CURRENT_TIMESTAMP), 45.00, 40),
(8, 3, 2, 4, DATEADD('MINUTE', -210, CURRENT_TIMESTAMP), DATEADD('MINUTE', -178, CURRENT_TIMESTAMP), 30.00, 32),
(9, 4, 1, 3, DATEADD('MINUTE', -170, CURRENT_TIMESTAMP), DATEADD('MINUTE', -138, CURRENT_TIMESTAMP), 35.00, 32),
(10, 1, 7, 6, DATEADD('MINUTE', -120, CURRENT_TIMESTAMP), DATEADD('MINUTE', -94, CURRENT_TIMESTAMP), 20.00, 26),
(11, 2, 3, 5, DATEADD('MINUTE', -80, CURRENT_TIMESTAMP), DATEADD('MINUTE', -42, CURRENT_TIMESTAMP), 45.00, 38),
(12, 5, 1, 3, DATEADD('MINUTE', -50, CURRENT_TIMESTAMP), DATEADD('MINUTE', -20, CURRENT_TIMESTAMP), 35.00, 30);

-- Made with Bob
